,Title,Major Genre,Running Time min,Year,US_Revenue,IMDB Rating,MPAA Rating
0,Broken Arrow,Action,108.0,1996,70.645997,5.8,R
1,Brazil,Black Comedy,136.0,1985,9.929135,8.0,R
2,Bienvenue chez les Ch'tis,Comedy,109.0,2008,1.470856,7.0,Not Rated
3,The Cable Guy,Comedy,95.0,1996,60.240295,5.8,PG-13
4,Chain Reaction,Action,106.0,1996,21.226204,5.2,PG-13
5,City Hall,Drama,111.0,1996,20.278055,6.1,R
6,Courage Under Fire,Drama,115.0,1996,59.003384,6.6,R
7,Dante's Peak,Drama,108.0,1997,67.163857,5.6,PG-13
8,Daylight,Action,115.0,1996,32.90829,5.4,PG-13
9,Dragonheart,Adventure,108.0,1996,51.36468,6.2,PG-13
10,Emma,Romantic Comedy,111.0,1996,22.231658,6.8,PG
11,Escape from L.A.,Action,101.0,1996,25.426861,5.3,R
12,Eraser,Action,115.0,1996,101.295562,5.9,R
13,From Dusk Till Dawn,Horror,107.0,1996,25.728961,7.1,R
14,Fled,Action,98.0,1996,17.192205,4.9,R
15,Fargo,Thriller/Suspense,87.0,1996,24.567751,8.3,R
16,The First Wives Club,Comedy,90.0,1996,105.489203,5.6,PG
17,The Ghost and the Darkness,Action,109.0,1996,38.564422,6.6,R
18,Gory Gory Hallelujah,Musical,100.0,2005,0.012604,5.2,Not Rated
19,The Glimmer Man,Action,92.0,1996,20.404841,4.9,R
21,Happy Gilmore,Comedy,92.0,1996,38.62346,6.9,PG-13
22,Harriet the Spy,Adventure,101.0,1996,26.570048,5.8,PG
23,Independence Day,Adventure,145.0,1996,306.169255,6.5,PG-13
24,The Island of Dr. Moreau,Adventure,95.0,1996,27.682712,4.1,PG-13
25,Jack,Drama,113.0,1996,58.617334,5.3,PG-13
26,Jingle All the Way,Comedy,89.0,1996,60.592389,4.9,PG
27,The Juror,Thriller/Suspense,120.0,1996,22.730924,5.3,R
28,Kids,Drama,90.0,1995,7.412216,6.7,Not Rated
29,Kingpin,Comedy,113.0,1996,25.023424,6.7,R
30,The Long Kiss Goodnight,Action,120.0,1996,33.447612,6.6,R
31,Aliens,Action,137.0,1986,85.160248,7.5,R
32,Mars Attacks!,Comedy,110.0,1996,37.771017,6.3,PG-13
33,Michael Jordan to the MAX,Documentary,46.0,2000,18.642318,7.2,Not Rated
34,The Mirror Has Two Faces,Romantic Comedy,127.0,1996,41.267469,6.0,PG-13
35,Mission: Impossible,Action,110.0,1996,180.981886,6.9,PG-13
36,Multiplicity,Comedy,117.0,1996,20.133326,5.7,PG-13
37,The English Patient,Drama,160.0,1996,78.716374,7.3,R
38,The Nutty Professor,Comedy,95.0,1996,128.814019,5.6,PG-13
39,Phenomenon,Drama,124.0,1996,104.636382,6.3,PG
40,The Phantom,Action,100.0,1996,17.220599,4.8,PG
41,The Adventures of Pinocchio,Adventure,94.0,1996,15.38217,5.3,G
42,Ransom,Action,121.0,1996,136.492681,6.6,R
43,Romeo+Juliet,Drama,120.0,1996,46.338728,6.5,PG-13
44,The Rock,Action,136.0,1996,134.069511,7.2,R
45,Sgt. Bilko,Comedy,93.0,1996,30.356589,5.2,PG
46,Shine,Drama,105.0,1996,35.811509,7.6,PG-13
47,Set It Off,Drama,120.0,1996,36.049108,6.3,R
48,Thinner,Horror,93.0,1996,15.171475,5.3,R
49,Sling Blade,Drama,133.0,1996,24.475416,8.0,R
50,Sleepers,Drama,105.0,1996,53.300852,7.3,R
51,Stonewall,Drama,99.0,1996,0.304602,7.0,R
52,Striptease,Comedy,115.0,1996,32.773011,3.9,R
53,Saints and Soldiers,Drama,90.0,2004,1.31047,7.0,PG-13
54,Spy Hard,Comedy,81.0,1996,26.936265,4.7,PG-13
55,Tin Cup,Romantic Comedy,105.0,1996,53.854588,6.1,R
56,The Fan,Thriller/Suspense,117.0,1996,18.582965,5.6,R
57,The Craft,Thriller/Suspense,100.0,1996,24.769466,5.9,R
58,Trainspotting,Drama,94.0,1996,16.501785,8.2,R
59,A Time to Kill,Drama,150.0,1996,108.766007,7.1,R
60,That Thing You Do!,Drama,110.0,1996,25.857416,6.7,PG
61,Twister,Action,117.0,1996,241.888385,6.0,PG-13
62,The Work and the Glory: American Zion,Drama,100.0,2005,2.025032,5.6,PG-13
64,Executive Decision,Thriller/Suspense,132.0,1996,56.679192,6.3,R
65,Extreme Measures,Drama,117.0,1996,17.378193,5.9,R
66,Eye for an Eye,Drama,101.0,1996,26.7927,5.7,R
67,102 Dalmatians,Comedy,100.0,2000,66.941559,4.4,G
68,Ten Things I Hate About You,Romantic Comedy,97.0,1999,38.177966,6.9,PG-13
69,12 Rounds,Action,108.0,2009,12.234694,5.4,PG-13
70,13 Going On 30,Comedy,98.0,2004,57.139723,6.1,PG-13
71,Thirteen Ghosts,Horror,91.0,2001,41.86796,5.1,R
72,1408,Horror,102.0,2007,71.985628,6.9,PG-13
73,15 Minutes,Thriller/Suspense,120.0,2001,24.375436,6.1,R
74,2012,Action,158.0,2009,166.112167,6.2,PG-13
75,28 Days,Comedy,103.0,2000,37.035515,5.8,PG-13
76,28 Days Later...,Horror,113.0,2003,45.064915,7.6,R
77,28 Weeks Later,Horror,91.0,2007,28.638916,7.1,R
78,Secondhand Lions,Drama,111.0,2003,42.023715,7.5,PG
79,Two Can Play That Game,Romantic Comedy,91.0,2001,22.235901,5.6,R
80,Two Weeks Notice,Romantic Comedy,110.0,2002,93.354918,5.8,PG-13
81,300,Action,117.0,2007,210.614939,7.8,R
82,Three Kings,Action,115.0,1999,60.652036,7.3,R
83,3:10 to Yuma,Western,117.0,2007,53.606916,7.9,R
84,40 Days and 40 Nights,Romantic Comedy,96.0,2002,37.939782,5.4,R
85,The 40 Year-old Virgin,Comedy,111.0,2005,109.449237,7.5,R
86,Four Brothers,Drama,109.0,2005,74.494381,6.8,R
87,50 First Dates,Romantic Comedy,99.0,2004,120.776832,6.8,PG-13
88,The 6th Day,Action,123.0,2000,34.543701,5.8,PG-13
89,88 Minutes,Thriller/Suspense,106.0,2008,16.930884,5.9,R
90,8 Mile,Drama,110.0,2002,116.724075,6.7,R
91,The Whole Nine Yards,Comedy,99.0,2000,57.262492,6.6,R
92,About a Boy,Romantic Comedy,101.0,2002,40.803,7.4,PG-13
93,A Bug's Life,Adventure,96.0,1998,162.798565,7.3,G
94,Absolute Power,Thriller/Suspense,120.0,1997,50.06831,6.5,R
95,Aeon Flux,Action,88.0,2005,25.857987,8.1,PG-13
96,After the Sunset,Action,97.0,2004,28.328132,6.2,PG-13
97,A Good Year,Drama,118.0,2006,7.4593,6.8,PG-13
98,Agora,Drama,141.0,2010,0.599903,7.3,R
99,Air Bud,Comedy,97.0,1997,24.646936,4.6,PG
100,Air Force One,Action,124.0,1997,172.956409,6.3,R
101,All the King's Men,Drama,128.0,2006,7.221458,6.0,PG-13
102,The Alamo,Western,137.0,2004,22.406362,5.9,PG-13
103,All About the Benjamins,Comedy,95.0,2002,25.482931,5.3,R
104,Sweet Home Alabama,Comedy,109.0,2002,127.214072,5.8,PG-13
105,Fat Albert,Comedy,93.0,2004,48.114556,4.0,PG
106,Ali,Drama,159.0,2001,58.183966,6.6,R
107,Alien: Resurrection,Action,108.0,1997,47.795018,6.2,R
108,Almost Famous,Comedy,123.0,2000,32.522352,8.0,R
109,Evan Almighty,Comedy,78.0,2007,100.28969,5.5,PG
110,Bruce Almighty,Comedy,101.0,2003,242.704995,6.6,PG-13
111,Alone in the Dark,Horror,96.0,2005,5.178569,2.3,R
112,Along Came a Spider,Thriller/Suspense,103.0,2001,74.058698,6.1,R
113,Alvin and the Chipmunks,Comedy,92.0,2007,217.326974,5.5,PG
114,Alexander,Adventure,175.0,2004,34.297191,5.4,R
115,American Beauty,Drama,118.0,1999,130.058047,8.6,R
116,An American Carol,Comedy,84.0,2008,7.013191,4.5,PG-13
117,Le Fabuleux destin d'AmÈlie Poulain,Comedy,122.0,2001,33.201661,8.5,R
118,American Gangster,Drama,157.0,2007,130.164645,7.9,R
119,Amistad,Drama,152.0,1997,44.212592,7.1,R
120,American Pie 2,Comedy,105.0,2001,145.09682,6.2,R
121,American Wedding,Comedy,96.0,2003,104.354205,6.1,R
122,American Pie,Comedy,95.0,1999,101.800948,6.9,R
123,America's Sweethearts,Romantic Comedy,103.0,2001,93.607673,5.7,PG-13
124,The Amityville Horror,Horror,89.0,2005,65.233369,5.8,R
125,Anacondas: The Hunt for the Blood Orchid,Horror,97.0,2004,31.526393,4.3,PG-13
126,Anaconda,Horror,89.0,1997,65.598907,4.2,PG-13
127,Anastasia,Musical,94.0,1997,58.403409,6.6,G
128,Anchorman: The Legend of Ron Burgundy,Comedy,104.0,2004,84.136909,7.0,PG-13
129,Angel Eyes,Drama,103.0,2001,24.044532,5.5,R
130,Anger Management,Comedy,106.0,2003,135.560942,6.1,PG-13
131,A Night at the Roxbury,Comedy,81.0,1998,30.331165,5.7,PG-13
132,The Animal,Comedy,83.0,2001,55.762229,4.6,PG-13
133,Anna and the King,Drama,147.0,1999,39.251128,6.5,PG-13
134,Analyze That,Comedy,96.0,2002,32.122249,5.6,R
135,Analyze This,Comedy,103.0,1999,106.885658,6.6,R
136,Antz,Adventure,83.0,1998,90.757863,6.8,PG
137,Anywhere But Here,Drama,114.0,1999,18.653615,5.9,PG-13
138,Apocalypto,Adventure,136.0,2006,50.866635,7.9,R
139,The Apostle,Drama,148.0,1997,20.733485,7.1,PG-13
140,Are We There Yet?,Romantic Comedy,94.0,2005,82.674398,4.2,PG
141,Arlington Road,Thriller/Suspense,117.0,1999,24.419219,7.2,R
142,Armageddon,Adventure,150.0,1998,201.578182,6.1,PG-13
143,King Arthur,Adventure,126.0,2004,51.877963,6.2,PG-13
144,Arthur et les Minimoys,Adventure,122.0,2006,15.132763,5.9,PG
145,Artificial Intelligence: AI,Drama,146.0,2001,78.616689,6.9,PG-13
146,The Art of War,Thriller/Suspense,117.0,2000,30.199105,5.5,R
147,Astro Boy,Adventure,94.0,2009,19.551067,6.4,PG
148,The Astronaut Farmer,Drama,109.0,2007,11.003643,6.4,PG
149,As Good as it Gets,Romantic Comedy,138.0,1997,148.478011,7.8,PG-13
150,A Simple Plan,Drama,121.0,1998,16.316273,7.6,R
151,The A-Team,Action,119.0,2010,77.222099,7.2,PG-13
152,At First Sight,Drama,128.0,1999,22.365133,5.6,PG-13
153,Atlantis: The Lost Empire,Adventure,96.0,2001,84.052762,6.4,PG
154,Hearts in Atlantis,Drama,101.0,2001,24.185781,6.8,PG-13
155,Autumn in New York,Drama,106.0,2000,37.752931,4.8,PG-13
156,Atonement,Drama,130.0,2007,50.980159,7.9,R
157,August Rush,Drama,113.0,2007,31.664162,7.5,PG
158,Across the Universe,Musical,133.0,2007,24.343673,7.5,PG-13
159,Austin Powers: The Spy Who Shagged Me,Comedy,95.0,1999,206.040085,6.6,PG-13
160,Austin Powers in Goldmember,Comedy,94.0,2002,213.117789,6.2,PG-13
161,Austin Powers: International Man of Mystery,Comedy,89.0,1997,53.883989,7.1,PG-13
162,The Avengers,Action,91.0,1998,23.385416,3.4,PG-13
163,The Aviator,Drama,170.0,2004,102.608827,7.6,PG-13
164,AVP: Alien Vs. Predator,Horror,101.0,2004,80.281096,5.4,PG-13
165,Around the World in 80 Days,Adventure,120.0,2004,24.004159,5.6,PG
166,Away We Go,Comedy,98.0,2009,9.451946,7.3,R
167,Don't Say a Word,Thriller/Suspense,113.0,2001,54.997476,6.1,R
168,Babe: Pig in the City,Adventure,75.0,1998,18.31986,6.1,G
169,Babylon A.D.,Action,100.0,2008,22.532572,5.3,PG-13
170,Baby Geniuses,Comedy,94.0,1999,27.15149,2.2,PG
171,Bad Boys II,Action,147.0,2003,138.54087,6.2,R
172,Bad Company,Action,117.0,2002,30.157016,5.3,PG-13
173,Boys and Girls,Romantic Comedy,94.0,2000,21.799652,4.9,PG-13
174,Bangkok Dangerous,Action,98.0,2008,15.298133,5.4,R
175,The Banger Sisters,Comedy,98.0,2002,30.306281,5.5,R
176,Basic,Thriller/Suspense,98.0,2003,26.599248,6.3,R
177,Batman Begins,Action,140.0,2005,205.343774,8.3,PG-13
178,Battlefield Earth: A Saga of the Year 3000,Action,121.0,2000,21.471685,2.3,PG-13
179,The Dark Knight,Action,152.0,2008,533.345358,8.9,PG-13
180,Baby Boy,Drama,130.0,2001,28.734552,6.1,R
181,The Curious Case of Benjamin Button,Drama,167.0,2008,127.509326,8.0,PG-13
182,Baby Mama,Comedy,99.0,2008,60.494212,6.1,PG-13
183,Bless the Child,Thriller/Suspense,108.0,2000,29.374178,4.8,R
184,The Bachelor,Romantic Comedy,101.0,1999,21.731001,4.8,PG-13
185,Be Cool,Comedy,115.0,2005,55.849401,5.6,PG-13
186,Big Daddy,Comedy,95.0,1999,163.479795,4.7,PG-13
187,Bedazzled,Comedy,93.0,2000,37.879996,5.9,PG-13
188,Body of Lies,Thriller/Suspense,129.0,2008,39.394666,7.2,R
189,Blood Diamond,Action,143.0,2006,57.377916,8.0,R
190,Mr. Bean's Holiday,Comedy,88.0,2007,33.302167,6.0,G
191,Beavis and Butt-head Do America,Comedy,80.0,1996,63.118386,6.6,PG-13
192,Bend it Like Beckham,Drama,112.0,2003,32.543449,6.9,PG-13
193,In the Bedroom,Drama,130.0,2001,35.930604,7.5,R
194,Bee Movie,Comedy,90.0,2007,126.631277,6.3,PG
195,Being John Malkovich,Black Comedy,112.0,1999,22.858926,7.9,R
196,Behind Enemy Lines,Action,106.0,2001,58.855732,6.1,PG-13
197,Beloved,Drama,172.0,1998,22.852487,5.3,R
198,Beowulf,Adventure,115.0,2007,82.195215,6.6,PG-13
199,Big Fat Liar,Comedy,88.0,2002,47.811275,5.2,PG
200,Big Fish,Drama,125.0,2003,66.432867,8.1,PG-13
201,The Big Hit,Action,91.0,1998,27.066941,5.8,R
202,The Big Lebowski,Comedy,127.0,1998,17.498804,8.2,R
203,Big Momma's House,Comedy,98.0,2000,117.559438,4.7,PG-13
204,Black Hawk Down,Action,144.0,2001,108.638745,7.7,R
205,Billy Elliot,Drama,110.0,2000,21.995263,7.7,PG-13
206,Bicentennial Man,Drama,132.0,1999,58.220776,6.4,PG
207,Becoming Jane,Romantic Comedy,120.0,2007,18.663911,7.0,PG
208,Bridget Jones: The Edge Of Reason,Romantic Comedy,108.0,2004,40.20302,5.6,R
209,Bridget Jones's Diary,Romantic Comedy,97.0,2001,71.500556,6.8,R
210,Blade,Action,121.0,1998,70.141876,7.0,R
211,The Blair Witch Project,Horror,87.0,1999,140.539099,6.2,R
212,Blast from the Past,Comedy,111.0,1999,26.61362,6.4,PG-13
213,Blade 2,Action,117.0,2002,81.676888,5.5,R
214,Blade: Trinity,Action,113.0,2004,52.397389,5.7,R
215,Blades of Glory,Comedy,94.0,2007,118.594548,6.5,PG-13
216,Blood Work,Thriller/Suspense,110.0,2002,26.199517,6.3,R
217,Black Christmas,Horror,90.0,2006,16.235738,4.3,R
218,Black Snake Moan,Drama,115.0,2007,9.39687,7.1,R
219,Legally Blonde,Comedy,97.0,2001,96.493426,6.2,PG-13
220,Blow,Drama,123.0,2001,52.990775,7.4,R
221,Blue Crush,Drama,105.0,2002,40.11842,5.5,PG-13
222,A Beautiful Mind,Drama,135.0,2001,170.708996,8.0,PG-13
223,Bandits,Comedy,123.0,2001,41.523271,6.5,PG-13
224,Bobby,Drama,120.0,2006,11.242801,7.1,R
225,The Bone Collector,Thriller/Suspense,118.0,1999,66.48809,6.3,R
226,Boogie Nights,Drama,152.0,1997,26.410771,7.9,R
227,Borat,Comedy,83.0,2006,128.505958,7.7,R
228,The Bourne Identity,Action,110.0,2002,121.46896,7.7,PG-13
229,The Bourne Supremacy,Action,108.0,2004,176.08745,7.6,PG-13
230,The Bourne Ultimatum,Action,114.0,2007,227.47107,8.2,PG-13
231,The Borrowers,Comedy,83.0,1998,22.619589,5.6,PG
232,Bounce,Drama,106.0,2000,36.779296,5.5,PG-13
233,The Boy in the Striped Pyjamas,Drama,94.0,2008,9.030581,7.8,PG-13
234,Heartbreakers,Comedy,124.0,2001,40.334024,6.2,PG-13
235,Bringing Out The Dead,Black Comedy,120.0,1999,16.64021,6.8,R
236,Brokeback Mountain,Drama,134.0,2005,83.043761,7.8,R
237,Brooklyn Rules,Drama,99.0,2007,0.458232,6.4,R
238,The Brothers,Comedy,102.0,2001,27.457409,2.8,R
239,Brown Sugar,Romantic Comedy,109.0,2002,27.362712,6.0,PG-13
240,Barbershop 2: Back in Business,Comedy,106.0,2004,65.070412,5.5,PG-13
241,Barbershop,Comedy,103.0,2002,75.781642,6.2,PG-13
242,Best in Show,Comedy,90.0,2000,18.621249,7.4,PG-13
243,Bad Santa,Comedy,91.0,2003,60.060328,7.3,R
244,Inglourious Basterds,Action,152.0,2009,120.83105,8.4,R
245,Blue Streak,Action,95.0,1999,68.20819,5.9,PG-13
246,The Butterfly Effect,Thriller/Suspense,113.0,2004,57.924679,7.8,R
247,Batman & Robin,Action,130.0,1997,107.325195,3.5,PG-13
248,Bulworth,Comedy,107.0,1998,26.528684,6.8,R
249,Bowfinger,Comedy,96.0,1999,66.458769,6.4,PG-13
250,Bewitched,Comedy,100.0,2005,63.313159,4.8,PG-13
251,Cadillac Records,Drama,108.0,2008,8.138,6.7,R
252,Can't Hardly Wait,Comedy,98.0,1998,25.358996,6.2,PG-13
253,The Rage: Carrie 2,Horror,101.0,1999,17.760244,4.3,R
254,Cast Away,Drama,144.0,2000,233.632142,7.5,PG-13
255,Catch Me if You Can,Drama,141.0,2002,164.6068,5.7,PG-13
256,The Cat in the Hat,Comedy,82.0,2003,101.018283,3.4,PG
257,Catwoman,Action,104.0,2004,40.202379,3.2,PG-13
258,Collateral Damage,Action,109.0,2002,40.048332,5.2,R
259,Crocodile Dundee in Los Angeles,Adventure,95.0,2001,25.590119,4.6,PG
260,The Cell,Thriller/Suspense,109.0,2000,61.280963,6.2,R
261,Cellular,Thriller/Suspense,94.0,2004,32.00362,6.5,PG-13
262,City of Ember,Adventure,94.0,2008,7.871693,6.4,PG
263,Charlie and the Chocolate Factory,Comedy,115.0,2005,206.459076,7.1,PG
264,Catch a Fire,Thriller/Suspense,101.0,2006,4.299773,6.8,PG-13
265,Charlie's Angels: Full Throttle,Action,106.0,2003,100.814328,4.7,PG-13
266,Charlie's Angels,Adventure,98.0,2000,125.305545,5.5,PG-13
267,Chicago,Musical,113.0,2002,170.687518,7.2,PG-13
268,Chicken Little,Adventure,80.0,2005,135.386665,5.8,G
269,Chicken Run,Adventure,84.0,2000,106.793915,7.3,G
270,Cheaper by the Dozen,Comedy,98.0,2003,138.614544,5.6,PG
271,Cheaper by the Dozen 2,Comedy,94.0,2005,82.571173,5.2,PG
272,Bride of Chucky,Horror,89.0,1998,32.404188,5.3,R
273,Children of Men,Thriller/Suspense,114.0,2006,35.552383,8.1,R
274,Love in the Time of Cholera,Drama,139.0,2007,4.617608,6.2,R
275,Chocolat,Drama,122.0,2000,71.30976,7.3,PG-13
276,Charlotte's Web,Drama,98.0,2006,82.985708,6.7,G
277,Cinderella Man,Drama,144.0,2005,61.649911,8.0,PG-13
278,A Cinderella Story,Romantic Comedy,95.0,2004,51.438175,5.4,PG
279,City of Angels,Drama,117.0,1998,78.750909,6.4,PG-13
280,A Civil Action,Drama,112.0,1998,56.709981,6.4,PG-13
281,The Santa Clause 2,Comedy,104.0,2002,139.225854,5.5,G
282,Cold Mountain,Drama,152.0,2003,95.632614,7.3,R
283,Code Name: The Cleaner,Comedy,91.0,2007,8.135024,4.0,PG-13
284,Closer,Drama,104.0,2004,33.987757,2.9,R
285,Maid in Manhattan,Romantic Comedy,105.0,2002,93.932896,4.6,PG-13
286,Constantine,Action,122.0,2005,75.976178,6.7,R
287,Coach Carter,Drama,136.0,2005,67.264877,7.1,PG-13
288,Agent Cody Banks 2: Destination London,Comedy,100.0,2004,23.514247,4.1,PG
289,Agent Cody Banks,Comedy,102.0,2003,47.54506,5.1,PG
290,Collateral,Action,120.0,2004,100.170152,7.8,R
291,College,Comedy,94.0,2008,4.694491,4.3,R
292,Con Air,Action,115.0,1997,101.117573,6.6,R
293,Conspiracy Theory,Thriller/Suspense,135.0,1997,76.11899,6.5,R
294,Contact,Drama,150.0,1997,100.920329,7.3,PG
295,Copying Beethoven,Drama,104.0,2006,0.355968,6.8,PG-13
296,Corky Romano,Comedy,86.0,2001,23.978402,4.2,PG-13
297,Coraline,Adventure,100.0,2009,75.286229,7.8,PG
298,Confessions of a Teenage Drama Queen,Comedy,89.0,2004,29.331068,4.3,PG
299,The Covenant,Thriller/Suspense,95.0,2006,23.364784,4.8,PG-13
300,Cop Land,Drama,105.0,1997,44.906632,6.9,R
301,Couples Retreat,Comedy,113.0,2009,109.20566,5.5,PG-13
302,Crank,Action,88.0,2006,27.838408,7.1,R
303,Cradle 2 the Grave,Horror,101.0,2003,34.657731,5.4,R
304,The Corruptor,Action,110.0,1999,15.164492,5.8,R
305,Man cheng jin dai huang jin jia,Action,113.0,2006,6.566773,7.0,R
306,Crash,Drama,107.0,2005,54.557348,6.1,R
307,Crossroads,Drama,93.0,2002,37.188667,6.6,PG-13
308,The Count of Monte Cristo,Drama,131.0,2002,54.228104,7.6,PG-13
309,Cruel Intentions,Drama,95.0,1999,38.230075,6.7,R
310,Clockstoppers,Adventure,94.0,2002,36.985501,5.0,PG
311,Cats & Dogs,Comedy,91.0,2001,93.375151,5.2,PG
312,The City of Your Final Destination,Drama,114.0,2010,0.493296,6.6,PG-13
313,Coyote Ugly,Drama,101.0,2000,60.786269,5.3,PG-13
314,Cloudy with a Chance of Meatballs,Comedy,90.0,2009,124.870275,7.2,PG
315,Daddy Day Camp,Comedy,85.0,2007,13.235267,2.4,PG
316,Daddy Day Care,Comedy,92.0,2003,104.148781,5.5,PG
317,The Black Dahlia,Thriller/Suspense,121.0,2006,22.672813,5.6,R
318,Diary of a Mad Black Woman,Drama,116.0,2005,50.406346,4.9,PG-13
319,Dance Flick,Comedy,83.0,2009,25.662155,3.4,PG-13
320,Daredevil,Action,105.0,2003,102.543518,5.5,PG-13
321,Dawn of the Dead,Horror,100.0,2004,58.990765,7.4,R
322,The Great Debaters,Drama,130.0,2007,30.226144,7.6,PG-13
323,Double Jeopardy,Action,105.0,1999,116.735231,6.0,R
324,Deep Blue Sea,Action,105.0,1999,73.648228,5.6,R
325,Drive Me Crazy,Comedy,91.0,1999,17.843379,5.1,PG-13
326,Mr. Deeds,Comedy,96.0,2002,126.293452,5.5,PG-13
327,DÈj‡ Vu,Thriller/Suspense,126.0,2006,64.038616,7.0,PG-13
328,Delgo,Adventure,88.0,2008,0.91584,4.4,PG
329,Despicable Me,Comedy,95.0,2010,244.88507,7.7,PG
330,Deuce Bigalow: Male Gigolo,Comedy,88.0,1999,65.535067,5.6,R
331,Darkness Falls,Horror,86.0,2003,32.539681,4.6,PG-13
332,Dragonfly,Drama,104.0,2002,30.063805,5.8,PG-13
333,Live Free or Die Hard,Action,128.0,2007,134.529403,7.5,PG-13
334,Banlieue 13,Action,85.0,2006,1.200216,7.1,R
335,Disaster Movie,Comedy,88.0,2008,14.190901,1.7000000000000002,PG-13
336,District 9,Thriller/Suspense,111.0,2009,115.646235,8.3,R
337,Disturbing Behavior,Thriller/Suspense,83.0,1998,17.507368,5.2,R
338,Dead Man on Campus,Black Comedy,93.0,1998,15.064948,5.6,R
339,Dinosaur,Adventure,82.0,2000,137.748063,6.2,PG
340,Dogma,Comedy,135.0,1999,30.651422,7.3,R
341,Domestic Disturbance,Thriller/Suspense,89.0,2001,45.207112,5.3,PG-13
342,Domino,Action,133.0,2005,10.169202,5.9,R
343,Donnie Brasco,Drama,121.0,1997,41.954997,7.7,R
344,Doug's 1st Movie,Adventure,77.0,1999,19.421271,4.8,G
345,Deep Impact,Adventure,120.0,1998,140.464664,6.0,PG-13
346,The Departed,Drama,152.0,2006,133.311,8.5,R
347,Dracula 2000,Horror,99.0,2000,33.000377,4.8,R
348,Death Race,Action,105.0,2008,36.316032,6.6,R
349,Drag Me To Hell,Horror,99.0,2009,42.100625,7.1,PG-13
350,Doctor Dolittle 2,Comedy,87.0,2001,112.950721,6.0,PG
351,Doctor Dolittle,Comedy,85.0,1998,144.156605,5.2,PG-13
352,Driven,Action,117.0,2001,32.616869,4.2,PG-13
353,Dreamcatcher,Drama,136.0,2003,33.685268,5.3,R
354,Dreamgirls,Musical,130.0,2006,103.365956,6.6,PG-13
355,Drumline,Comedy,118.0,2002,56.398162,5.2,PG-13
356,The Descent,Thriller/Suspense,99.0,2006,26.024456,7.4,R
357,The Master of Disguise,Comedy,80.0,2002,40.36353,3.0,PG
358,Disturbia,Thriller/Suspense,104.0,2007,80.209692,7.0,PG-13
359,Double Take,Action,88.0,2001,29.823162,6.8,PG-13
360,Death at a Funeral,Comedy,90.0,2007,8.580428,5.1,R
361,The Dukes of Hazzard,Comedy,105.0,2005,80.270227,4.7,PG-13
362,Dumb and Dumberer: When Harry Met Lloyd,Comedy,85.0,2003,26.214846,3.3,PG-13
363,D-War,Action,90.0,2007,10.977721,3.8,PG-13
364,Down to Earth,Comedy,87.0,2001,64.172251,5.0,PG-13
365,Down to You,Romantic Comedy,92.0,2000,20.03531,4.4,PG-13
366,EDtv,Comedy,122.0,1999,22.508689,6.0,PG-13
367,Eagle Eye,Thriller/Suspense,117.0,2008,101.440743,6.6,PG-13
368,8MM,Thriller/Suspense,119.0,1999,36.443442,6.3,R
369,Election,Black Comedy,103.0,1999,14.943582,7.4,R
370,Elf,Comedy,95.0,2003,173.398518,6.8,PG
371,Elizabeth,Drama,124.0,1998,30.082699,7.6,R
372,Ella Enchanted,Comedy,96.0,2004,22.913677,6.3,PG
373,Once Upon a Time in Mexico,Action,102.0,2003,56.330657,6.2,R
374,La marche de l'empereur,Documentary,80.0,2005,77.437223,7.8,G
375,Employee of the Month,Comedy,103.0,2006,28.444855,5.4,PG-13
376,The Emperor's New Groove,Adventure,78.0,2000,89.296573,7.4,G
377,Enchanted,Romantic Comedy,108.0,2007,127.706877,7.5,PG
378,End of Days,Action,120.0,1999,66.889043,5.4,R
379,Enemy at the Gates,Drama,131.0,2001,51.396781,7.4,R
380,Enemy of the State,Action,127.0,1998,111.549836,7.2,R
381,Entrapment,Thriller/Suspense,112.0,1999,87.707396,6.1,PG-13
382,Enough,Thriller/Suspense,115.0,2002,39.177215,6.5,PG-13
383,Epic Movie,Comedy,86.0,2007,39.739367,2.2,PG-13
384,Eragon,Adventure,102.0,2006,75.030163,5.0,PG
385,Erin Brockovich,Drama,133.0,2000,125.548685,7.2,R
386,Elizabethtown,Drama,133.0,2005,26.850426,6.4,PG-13
387,Eat Pray Love,Drama,143.0,2010,78.146373,4.7,R
388,Eternal Sunshine of the Spotless Mind,Comedy,108.0,2004,34.366518,8.5,R
389,Eve's Bayou,Drama,109.0,1997,14.843425,7.0,R
390,Event Horizon,Horror,95.0,1997,26.673242,6.3,R
391,Evita,Musical,134.0,1996,50.047179,6.1,PG
392,Evolution,Comedy,102.0,2001,38.311134,5.9,PG-13
393,Fong juk,Action,100.0,2007,0.051957,7.3,Not Rated
394,Exit Wounds,Action,100.0,2001,51.758599,5.2,R
395,The Exorcism of Emily Rose,Thriller/Suspense,114.0,2005,75.072454,6.8,PG-13
396,Exorcist: The Beginning,Horror,114.0,2004,41.814863,5.0,R
397,The Express,Drama,129.0,2008,9.793406,7.1,PG
398,Eyes Wide Shut,Drama,159.0,1999,55.691208,7.2,R
399,The Faculty,Horror,102.0,1998,40.283321,6.3,R
400,Keeping the Faith,Romantic Comedy,129.0,2000,37.036404,6.5,PG-13
401,The Family Stone,Comedy,103.0,2005,60.062868,6.3,PG-13
402,Father's Day,Comedy,98.0,1997,28.68108,4.8,PG-13
403,Face/Off,Action,138.0,1997,112.276146,7.3,R
404,Final Destination 2,Horror,90.0,2003,46.896664,6.4,R
405,The Fifth Element,Action,105.0,1997,63.570862,7.4,PG-13
406,Bring it On,Comedy,99.0,2000,68.35355,5.9,PG-13
407,Fantastic Four,Action,123.0,2005,154.69608,5.7,PG-13
408,54,Drama,92.0,1998,16.757163,5.6,R
409,2 Fast 2 Furious,Action,107.0,2003,127.120058,5.1,PG-13
410,The Fast and the Furious,Action,107.0,2001,144.51231,6.0,PG-13
411,Fahrenheit 9/11,Documentary,122.0,2004,119.114517,7.6,R
412,From Hell,Thriller/Suspense,123.0,2001,31.598308,6.8,R
413,Fido,Horror,93.0,2007,0.29811,6.9,R
414,Fight Club,Drama,139.0,1999,37.030102,8.8,R
415,Final Fantasy: The Spirits Within,Adventure,120.0,2001,32.13183,6.4,PG-13
416,Finding Forrester,Drama,137.0,2000,51.768623,7.2,PG-13
417,Final Destination,Horror,98.0,2000,53.302314,6.8,R
418,Flicka,Drama,94.0,2006,21.000147,5.7,PG
419,Flubber,Comedy,93.0,1997,92.993801,4.6,PG
420,Flushed Away,Comedy,85.0,2006,64.665672,7.0,PG
421,Flyboys,Drama,139.0,2006,13.09063,6.5,PG-13
422,Fly Me To the Moon,Adventure,89.0,2008,14.543943,4.7,G
423,The Family Man,Comedy,126.0,2000,75.764085,6.6,PG-13
424,Finding Nemo,Adventure,100.0,2003,339.714978,8.2,G
425,The Fountain,Drama,96.0,2006,10.14401,7.4,PG-13
426,Flightplan,Thriller/Suspense,93.0,2005,89.706988,6.2,PG-13
427,The Forbidden Kingdom,Action,105.0,2008,52.07527,6.7,PG-13
428,Freedom Writers,Drama,122.0,2007,36.605602,7.5,PG-13
429,Next Friday,Comedy,98.0,2000,57.176582,5.3,R
430,Freaky Friday,Comedy,97.0,2003,110.222438,6.5,PG
431,Frequency,Drama,118.0,2000,44.983704,7.3,PG-13
432,Serenity,Action,119.0,2005,25.514517,8.0,PG-13
433,The Forgotton,Thriller/Suspense,91.0,2004,66.711892,4.9,PG-13
434,Friday After Next,Comedy,85.0,2002,33.253609,5.3,R
435,Frida,Drama,123.0,2002,25.885,7.3,R
436,Friday Night Lights,Drama,117.0,2004,61.255921,7.2,PG-13
437,Fireproof,Drama,122.0,2008,33.451479,5.6,PG
438,Frost/Nixon,Drama,122.0,2008,18.622031,7.9,R
439,Factory Girl,Drama,90.0,2006,1.661464,6.1,R
440,The Full Monty,Comedy,90.0,1997,45.950122,7.2,R
441,Fun With Dick And Jane,Comedy,90.0,2005,110.55,6.3,PG-13
442,For Your Consideration,Comedy,86.0,2006,5.549923,6.2,PG-13
443,The Game,Thriller/Suspense,128.0,1997,48.265581,7.7,R
444,Gangs of New York,Drama,168.0,2002,77.7305,7.4,R
445,Garfield,Comedy,80.0,2004,75.367693,4.8,PG
446,Georgia Rule,Drama,111.0,2007,18.88288,5.8,R
447,Good Boy!,Comedy,87.0,2003,37.667746,5.0,PG
448,The Good German,Drama,104.0,2006,1.308696,6.1,R
449,The Good Night,Romantic Comedy,93.0,2007,0.022441,6.0,R
450,Gridiron Gang,Drama,126.0,2006,38.432823,6.8,PG-13
451,Ghost Ship,Horror,91.0,2002,30.113491,5.3,R
452,Ghost Rider,Action,110.0,2007,115.802596,5.2,PG-13
453,Ghost Town,Romantic Comedy,102.0,2008,13.252641,4.7,PG-13
454,G.I.Jane,Drama,124.0,1997,48.169156,5.5,R
455,G.I. Joe: The Rise of Cobra,Action,118.0,2009,150.201498,5.8,PG-13
456,Gladiator,Action,150.0,2000,187.683805,8.3,R
457,Good Luck Chuck,Romantic Comedy,96.0,2007,35.017297,5.6,R
458,The Green Mile,Drama,187.0,1999,136.801374,8.4,R
459,The General's Daughter,Drama,116.0,1999,102.705852,6.1,R
460,Goal!,Drama,121.0,2006,4.283255,6.9,PG
461,Godzilla,Action,139.0,1998,136.314294,4.8,PG-13
462,Good Will Hunting,Drama,126.0,1987,138.433435,8.1,R
463,Gosford Park,Comedy,137.0,2001,41.300105,7.3,R
464,The Game Plan,Comedy,110.0,2007,90.648202,6.3,PG
465,Galaxy Quest,Comedy,104.0,1999,71.423726,7.2,PG
466,Gracie,Drama,98.0,2007,2.956339,6.2,PG-13
467,Garden State,Drama,109.0,2004,26.782316,7.9,R
468,George Of The Jungle,Comedy,91.0,1997,105.263257,5.3,PG
469,How the Grinch Stole Christmas,Comedy,104.0,2000,260.044825,5.7,PG
470,Grindhouse,Horror,191.0,2007,25.031037,7.9,R
471,Wallace & Gromit: The Curse of the Were-Rabbit,Adventure,85.0,2005,56.068547,7.9,G
472,Grosse Point Blank,Black Comedy,106.0,1997,28.084357,7.4,R
473,The Grudge 2,Horror,102.0,2006,39.143839,4.6,PG-13
474,The Grudge,Horror,96.0,2004,110.359362,5.7,PG-13
475,Grown Ups,Comedy,102.0,2010,161.094625,5.8,PG-13
476,Guess Who,Comedy,103.0,2005,68.915888,5.7,PG-13
477,Halloween 2,Horror,105.0,2009,33.392973,4.5,R
478,Hairspray,Musical,117.0,2007,118.823091,7.2,PG
479,Half Baked,Comedy,84.0,1998,17.394881,6.3,R
480,The Happening,Thriller/Suspense,89.0,2008,64.506874,5.2,R
481,Harsh Times,Drama,120.0,2006,3.337931,7.0,R
482,The House Bunny,Comedy,98.0,2008,48.237389,5.5,PG-13
483,Hidalgo,Western,136.0,2004,67.286731,6.6,PG-13
484,Hide and Seek,Thriller/Suspense,105.0,2005,51.100486,5.6,R
485,Hoodwinked,Comedy,80.0,2005,51.386611,6.7,PG
486,Head of State,Comedy,95.0,2003,37.788228,5.1,PG-13
487,He Got Game,Drama,134.0,1998,21.567853,6.8,R
488,Heist,Action,109.0,2001,23.483357,3.2,R
489,Hellboy,Action,122.0,2004,59.623958,6.8,PG-13
490,Raising Helen,Comedy,119.0,2004,37.485528,5.7,PG-13
491,The Haunting,Horror,114.0,1999,91.188905,4.6,PG-13
492,High Crimes,Thriller/Suspense,115.0,2002,41.543207,6.1,PG-13
493,High Fidelity,Comedy,114.0,2000,27.277055,7.6,R
494,Hitch,Romantic Comedy,113.0,2005,177.784257,5.7,PG-13
495,Hitman,Action,93.0,2007,39.687694,6.8,R
496,The Hills Have Eyes II,Horror,88.0,2007,20.804166,5.0,R
497,How to Lose Friends & Alienate People,Comedy,109.0,2008,2.775593,6.7,R
498,Halloween: Resurrection,Horror,89.0,2002,30.259652,3.9,R
499,Home on the Range,Comedy,94.0,2004,50.026353,5.4,PG
500,Hannibal Rising,Thriller/Suspense,121.0,2007,27.669725,6.0,R
501,The Hangover,Comedy,99.0,2009,277.322503,7.9,R
502,Hanging Up,Comedy,95.0,2000,36.037909,4.3,PG-13
503,Holes,Drama,117.0,2003,67.383924,7.1,PG
504,The Holiday,Romantic Comedy,131.0,2006,63.28,6.9,PG-13
505,Hollow Man,Horror,112.0,2000,73.20934,5.5,R
506,Honey,Drama,94.0,2003,30.272254,4.6,PG-13
507,Hope Floats,Drama,114.0,1998,60.110313,5.3,PG-13
508,Hot Rod,Comedy,83.0,2007,13.938332,6.5,PG-13
509,The Hours,Drama,115.0,2002,41.675994,7.6,PG-13
510,Bringing Down the House,Comedy,105.0,2003,132.675402,5.4,PG-13
511,How High,Comedy,93.0,2001,31.155435,5.5,R
512,Harry Potter and the Chamber of Secrets,Adventure,161.0,2002,261.98788,7.2,PG
513,Harry Potter and the Prisoner of Azkaban,Adventure,141.0,2004,249.538952,7.7,PG
514,Harry Potter and the Goblet of Fire,Adventure,157.0,2005,290.013036,7.6,PG-13
515,Harry Potter and the Order of the Phoenix,Adventure,138.0,2007,292.004738,7.4,PG-13
516,Harry Potter and the Half-Blood Prince,Adventure,153.0,2009,301.959197,7.3,PG
517,Harry Potter and the Sorcerer's Stone,Adventure,152.0,2001,317.557891,7.2,PG
518,Happy Feet,Adventure,108.0,2006,198.000317,6.7,PG
519,Hercules,Adventure,92.0,1997,99.112101,6.8,G
520,Hardball,Drama,106.0,2001,40.222729,4.1,PG-13
521,Hard Rain,Action,96.0,1998,19.870567,5.6,R
522,The Horse Whisperer,Drama,168.0,1998,75.383563,6.3,PG-13
523,The Hitchhiker's Guide to the Galaxy,Comedy,103.0,2005,51.019112,6.6,PG
524,Hot Fuzz,Comedy,121.0,2007,23.618786,8.0,R
525,Hulk,Action,138.0,2003,132.177234,5.7,PG-13
526,The Incredible Hulk,Adventure,112.0,2008,134.806913,7.1,PG-13
527,The Hunchback of Notre Dame,Adventure,86.0,1996,100.138851,6.5,G
528,The Hunted,Action,94.0,2003,34.234008,5.8,R
529,Starsky & Hutch,Comedy,101.0,2004,88.200225,6.2,PG-13
530,Hollywood Homicide,Action,116.0,2003,30.207785,5.2,PG-13
531,Ice Age: Dawn of the Dinosaurs,Adventure,93.0,2009,196.573705,7.1,PG
532,Ice Age,Adventure,81.0,2002,176.387405,7.4,PG
533,Identity,Thriller/Suspense,90.0,2003,52.131264,7.3,R
534,An Ideal Husband,Comedy,97.0,1999,18.542974,6.7,PG-13
535,Idlewild,Musical,121.0,2006,12.669914,5.8,R
536,Igor,Comedy,86.0,2008,19.528188,6.0,PG
537,I Still Know What You Did Last Summer,Horror,101.0,1998,40.020622,4.1,R
538,I Know What You Did Last Summer,Horror,101.0,1997,72.250091,5.4,R
539,The Illusionist,Drama,110.0,2006,39.868642,7.7,PG-13
540,The Imaginarium of Doctor Parnassus,Adventure,122.0,2009,7.689458,7.1,PG-13
541,Imagine That,Comedy,107.0,2009,16.123323,5.4,PG
542,Inception,Thriller/Suspense,147.0,2010,285.63028,9.1,PG-13
543,Infamous,Drama,118.0,2006,1.15133,7.1,R
544,The Informant,Thriller/Suspense,108.0,2009,33.316821,6.2,R
545,Inkheart,Adventure,105.0,2009,17.303424,6.1,PG
546,In & Out,Comedy,92.0,1997,63.826569,6.1,PG-13
547,I Now Pronounce You Chuck and Larry,Comedy,115.0,2007,119.72528,6.1,PG-13
548,The Insider,Drama,157.0,1999,28.965197,8.0,R
549,Insomnia,Thriller/Suspense,118.0,2002,67.263182,6.3,R
550,Inspector Gadget,Comedy,77.0,1999,97.387965,3.9,PG
551,Instinct,Drama,123.0,1999,34.105207,6.2,R
552,The Invasion,Thriller/Suspense,99.0,2007,15.074191,6.0,PG-13
553,Iron Man,Action,126.0,2008,318.604126,7.9,PG-13
554,The Iron Giant,Adventure,86.0,1999,23.159305,7.9,PG
555,I Spy,Action,97.0,2002,33.561137,5.3,PG-13
556,The Italian Job,Adventure,111.0,2003,106.126012,6.9,PG-13
557,I Think I Love My Wife,Romantic Comedy,94.0,2007,12.559771,5.5,R
558,Jack Frost,Comedy,95.0,1998,34.645374,4.6,PG
559,Jackie Brown,Drama,154.0,1997,39.673162,7.6,R
560,The Jackal,Thriller/Suspense,124.0,1997,54.956941,6.0,R
561,Jarhead,Drama,115.0,2005,62.64754,7.2,R
562,The World is Not Enough,Action,125.0,1999,126.93066,6.3,PG-13
563,Die Another Day,Action,133.0,2002,160.942139,6.0,PG-13
564,Casino Royale,Action,144.0,2006,167.365,8.0,PG-13
565,Jackass: The Movie,Comedy,92.0,2002,64.282312,6.3,R
566,Journey to the Center of the Earth,Adventure,92.0,2008,101.70437,5.9,PG
567,Joe Dirt,Comedy,91.0,2001,27.087695,5.4,PG-13
568,Jeepers Creepers,Horror,91.0,2001,37.904175,5.7,R
569,Johnny English,Comedy,87.0,2003,28.013509,5.8,PG
570,Jeepers Creepers II,Horror,104.0,2003,35.623801,5.3,R
571,The Assassination of Jesse James by the Coward Robert Ford,Western,160.0,2007,3.909149,7.7,R
572,Johnson Family Vacation,Comedy,97.0,2004,31.203964,3.8,PG-13
573,Jersey Girl,Comedy,102.0,2004,25.266129,6.2,PG-13
574,The Jungle Book 2,Adventure,72.0,2003,47.901582,5.2,G
575,Joe Somebody,Comedy,98.0,2001,22.770864,5.3,PG
576,Jonah Hex,Action,81.0,2010,10.547117,4.3,PG-13
577,John Q,Drama,116.0,2002,71.026631,6.6,PG-13
578,Jonah: A VeggieTales Movie,Adventure,82.0,2002,25.571351,6.3,G
579,Joy Ride,Thriller/Suspense,97.0,2001,21.973182,5.4,R
580,Jerry Maguire,Romantic Comedy,138.0,1996,153.952592,7.2,R
581,Jay and Silent Bob Strike Back,Comedy,104.0,2001,30.059386,6.8,R
582,Juno,Comedy,95.0,2007,143.495265,7.9,PG-13
583,Jurassic Park 3,Action,92.0,2001,181.166115,7.9,PG-13
584,Just Married,Romantic Comedy,95.0,2003,56.127162,5.1,PG-13
585,Freddy vs. Jason,Horror,97.0,2003,82.622655,5.8,R
586,K-19: The Widowmaker,Action,138.0,2002,35.168966,6.5,PG-13
587,Kate and Leopold,Romantic Comedy,118.0,2001,47.095453,6.2,PG-13
588,Kangaroo Jack,Comedy,89.0,2003,66.723216,4.1,PG
589,The Original Kings of Comedy,Concert/Performance,116.0,2000,38.168022,6.2,R
590,Kiss of the Dragon,Action,98.0,2001,36.833473,6.3,R
591,The Karate Kid,Adventure,140.0,2010,176.591618,6.1,PG
592,Kicking and Screaming,Comedy,90.0,2005,52.842724,6.9,PG
593,Kill Bill: Volume 2,Action,136.0,2004,66.20792,8.0,R
594,Kill Bill: Volume 1,Action,111.0,2003,70.098138,8.2,R
595,Kiss the Girls,Thriller/Suspense,120.0,1997,60.527873,6.4,R
596,King Kong,Adventure,187.0,2005,218.080025,7.6,PG-13
597,Knocked Up,Romantic Comedy,132.0,2007,148.761765,7.5,R
598,Knight and Day,Action,109.0,2010,76.373029,6.6,PG-13
599,The Kingdom,Action,110.0,2007,47.46725,7.1,R
600,Black Knight,Comedy,96.0,2001,33.422806,4.3,PG-13
601,Knowing,Thriller/Suspense,121.0,2009,79.957634,6.4,PG-13
602,K-PAX,Drama,121.0,2001,50.31514,7.3,PG-13
603,Christmas with the Kranks,Comedy,98.0,2004,73.701902,4.7,PG
604,A Knight's Tale,Adventure,132.0,2001,56.083966,6.6,PG-13
605,The Kite Runner,Drama,122.0,2007,15.800078,7.8,PG-13
606,L.A. Confidential,Drama,137.0,1997,64.604977,8.4,R
607,Law Abiding Citizen,Thriller/Suspense,108.0,2009,73.357727,7.2,R
608,Ladder 49,Action,105.0,2004,74.541707,6.5,PG-13
609,The Ladykillers,Comedy,104.0,2004,39.692139,6.2,R
610,Lakeview Terrace,Thriller/Suspense,106.0,2008,39.263506,6.3,PG-13
611,Land of the Lost,Comedy,101.0,2009,49.43837,5.3,PG-13
612,Changing Lanes,Thriller/Suspense,99.0,2002,66.790248,6.5,R
613,Lars and the Real Girl,Comedy,106.0,2007,5.95648,7.5,PG-13
614,Little Children,Drama,136.0,2006,5.463019,7.8,R
615,Save the Last Dance,Drama,113.0,2001,91.038276,5.9,PG-13
616,I am Legend,Horror,100.0,2007,256.39301,7.1,PG-13
617,Letters from Iwo Jima,Drama,141.0,2006,13.756082,8.1,R
618,The Hurricane,Drama,125.0,1999,50.699241,7.4,R
619,Liar Liar,Comedy,87.0,1997,181.410615,6.7,PG-13
620,The Life Aquatic with Steve Zissou,Comedy,118.0,2004,24.006726,7.2,R
621,Life,Comedy,108.0,1999,64.062587,5.3,R
622,Like Mike,Comedy,99.0,2002,51.432423,4.4,PG
623,Lilo & Stitch,Adventure,85.0,2002,145.771527,7.1,PG
624,The Lizzie McGuire Movie,Comedy,94.0,2003,42.734455,4.7,PG
625,The Last King of Scotland,Drama,121.0,2006,17.606684,7.8,R
626,Little Miss Sunshine,Comedy,101.0,2006,59.891098,8.0,R
627,In the Land of Women,Comedy,98.0,2007,11.052958,6.7,PG-13
628,Lions for Lambs,Drama,90.0,2007,14.99807,6.2,R
629,How to Lose a Guy in 10 Days,Romantic Comedy,116.0,2003,105.80752,6.1,PG-13
630,Lost In Space,Adventure,131.0,1998,69.117629,4.8,PG-13
631,Love and Basketball,Drama,125.0,2000,27.441122,6.7,PG-13
632,The Lord of the Rings: The Two Towers,Adventure,179.0,2002,341.784377,8.7,PG-13
633,The Lord of the Rings: The Return of the King,Adventure,201.0,2003,377.027325,8.8,PG-13
634,The Lord of the Rings: The Fellowship of the Ring,Adventure,178.0,2001,314.77617,8.8,PG-13
635,Lonesome Jim,Comedy,91.0,2006,0.154187,6.7,R
636,The Last Legion,Action,101.0,2007,5.93206,5.4,PG-13
637,The Last Samurai,Action,154.0,2003,111.110575,7.8,R
638,The Last Song,Drama,108.0,2010,62.950384,3.9,PG
639,Lost in Translation,Drama,102.0,2003,44.585453,7.9,R
640,The Lost World: Jurassic Park,Action,134.0,1997,229.086679,6.0,PG-13
641,License to Wed,Romantic Comedy,90.0,2007,43.799818,5.1,PG
642,Lethal Weapon 4,Action,127.0,1998,130.444603,6.4,R
643,The Lucky Ones,Drama,104.0,2008,0.266967,7.1,R
644,Lucky You,Drama,122.0,2007,5.755286,5.9,PG-13
645,Se jie,Drama,156.0,2007,4.604982,7.6,NC-17
646,Love Actually,Romantic Comedy,135.0,2003,59.472278,7.9,R
647,Herbie: Fully Loaded,Comedy,95.0,2005,66.010682,4.7,G
648,For Love of the Game,Drama,137.0,1999,35.18864,6.2,PG-13
649,Love Ranch,Drama,117.0,2010,0.134904,5.6,R
650,The Longest Yard,Comedy,113.0,2005,158.11946,6.2,PG-13
651,Madagascar,Adventure,83.0,2005,193.595521,6.6,PG
652,Jane Austen's Mafia,Comedy,83.0,1998,19.843795,5.0,PG-13
653,Paul Blart: Mall Cop,Comedy,91.0,2009,146.336178,5.3,PG
654,A Man Apart,Action,110.0,2003,26.5,5.7,R
655,Man on Fire,Thriller/Suspense,146.0,2004,77.906816,7.7,R
656,Man on the Moon,Drama,118.0,1999,34.580635,7.4,R
657,The Marine,Action,91.0,2006,18.844784,4.5,PG-13
658,The Matador,Thriller/Suspense,74.0,2005,12.578537,6.9,R
659,The Matrix,Action,136.0,1999,171.47993,8.7,R
660,My Big Fat Greek Wedding,Romantic Comedy,95.0,2002,241.438208,6.6,PG
661,My Best Friend's Girl,Comedy,103.0,2008,19.21925,5.8,R
662,My Bloody Valentine,Horror,101.0,2009,51.545952,5.7,R
663,Wu ji,Action,97.0,2006,0.669625,5.6,PG-13
664,The Manchurian Candidate,Thriller/Suspense,129.0,2004,65.948711,6.7,R
665,Mickey Blue Eyes,Comedy,103.0,1999,33.864342,5.7,PG-13
666,Master and Commander: The Far Side of the World,Adventure,138.0,2003,93.926386,7.5,PG-13
667,Nanny McPhee,Comedy,91.0,2006,47.279279,6.7,PG
668,Million Dollar Baby,Drama,132.0,2004,100.492203,8.2,PG-13
669,Mean Girls,Comedy,97.0,2004,86.047227,7.0,PG-13
670,"Me, Myself & Irene",Romantic Comedy,116.0,2000,90.570999,6.9,R
671,Memoirs of a Geisha,Drama,145.0,2005,57.010853,7.1,PG-13
672,Men in Black,Adventure,98.0,1997,250.690539,7.0,PG-13
673,Men of Honor,Drama,128.0,2000,48.814909,6.8,R
674,Memento,Drama,113.0,2001,25.544867,8.7,R
675,Mercury Rising,Thriller/Suspense,112.0,1998,32.983332,5.8,R
676,Message in a Bottle,Drama,132.0,1999,52.880016,5.6,PG-13
677,Meet Joe Black,Drama,154.0,1998,44.650003,6.9,PG-13
678,Magnolia,Drama,188.0,1999,22.450975,8.0,R
679,The Men Who Stare at Goats,Black Comedy,93.0,2009,32.428195,6.4,R
680,Men in Black 2,Action,88.0,2002,190.418803,7.4,PG-13
681,Miss Congeniality 2: Armed and Fabulous,Comedy,115.0,2005,48.478006,4.7,PG-13
682,Mission: Impossible 2,Action,124.0,2000,215.409889,6.9,PG-13
683,Miss Congeniality,Comedy,110.0,2000,106.807667,6.1,PG-13
684,The Missing,Western,137.0,2003,26.900336,7.4,R
685,Mighty Joe Young,Adventure,114.0,1998,50.632037,5.4,PG
686,The Majestic,Drama,153.0,2001,27.796042,6.8,PG
687,Malibu's Most Wanted,Comedy,86.0,2003,34.308901,4.8,PG-13
688,Mission to Mars,Adventure,116.0,2000,60.874615,5.1,PG
689,Captain Corelli's Mandolin,Drama,129.0,2001,25.528495,5.7,R
690,Midnight in the Garden of Good and Evil,Drama,155.0,1997,25.078937,6.5,R
691,The Man in the Iron Mask,Adventure,132.0,1998,56.968169,7.2,PG-13
692,Monster-in-Law,Comedy,95.0,2005,82.931301,5.1,PG-13
693,Mona Lisa Smile,Drama,117.0,2003,63.8031,6.1,PG-13
694,Monster's Ball,Drama,111.0,2001,31.273922,7.2,R
695,MoliËre,Comedy,120.0,2007,0.635733,7.2,PG-13
696,Monster,Drama,109.0,2003,34.46921,7.4,R
697,"Monsters, Inc.",Adventure,95.0,2001,255.870172,7.4,G
698,Money Talks,Action,95.0,1997,41.076865,5.7,R
699,Moon,Thriller/Suspense,97.0,2009,5.010163,8.0,R
700,The Mothman Prophecies,Thriller/Suspense,119.0,2002,35.228696,6.5,PG-13
701,Moulin Rouge,Musical,123.0,2001,57.386369,7.3,PG-13
702,Me and Orson Welles,Drama,107.0,2009,1.190003,7.1,PG-13
703,Meet the Fockers,Comedy,115.0,2004,279.167575,6.4,PG-13
704,Meet the Parents,Comedy,108.0,2000,166.22504,7.0,PG-13
705,The Miracle,Drama,92.0,2004,64.378093,6.1,PG
706,Minority Report,Action,145.0,2002,132.024714,7.7,PG-13
707,Mortal Kombat: Annihilation,Action,91.0,1997,35.927406,3.2,PG-13
708,Mouse Hunt,Comedy,95.0,1997,61.894591,6.1,PG
709,Miss Potter,Drama,92.0,2006,3.005605,7.1,PG
710,A Mighty Heart,Drama,100.0,2007,9.176787,6.7,R
711,The Matrix Reloaded,Action,138.0,2003,281.553689,7.1,R
712,The Matrix Revolutions,Action,129.0,2003,139.259759,6.5,R
713,Mulan,Adventure,88.0,1998,120.620254,7.2,G
714,The Mummy,Adventure,124.0,1999,155.385488,6.8,PG-13
715,The Mummy Returns,Adventure,129.0,2001,202.00764,6.2,PG-13
716,The Mummy: Tomb of the Dragon Emperor,Adventure,111.0,2008,102.491776,5.1,PG-13
717,Muppets From Space,Comedy,88.0,1999,16.304786,6.1,G
718,Murder by Numbers,Thriller/Suspense,120.0,2002,31.874869,5.9,R
719,Night at the Museum,Comedy,108.0,2006,250.863268,6.4,PG
720,The Musketeer,Adventure,104.0,2001,27.053815,4.4,PG-13
721,Music and Lyrics,Romantic Comedy,96.0,2007,50.572589,6.6,PG-13
722,Miami Vice,Action,132.0,2006,63.478838,6.0,R
723,Monsters vs. Aliens,Adventure,95.0,2009,198.351526,6.8,PG
724,The Mexican,Action,124.0,2001,66.808615,5.9,R
725,My Best Friend's Wedding,Comedy,105.0,1997,126.813153,6.2,PG-13
726,My Dog Skip,Drama,95.0,2000,34.09964,6.9,PG
727,My Favorite Martian,Comedy,93.0,1999,36.850101,4.5,PG
728,My Fellow Americans,Comedy,102.0,1996,22.331846,6.3,PG-13
729,My Sister's Keeper,Drama,108.0,2009,49.20023,7.4,PG-13
730,Mystic River,Drama,137.0,2003,90.135191,8.0,R
731,National Treasure,Adventure,131.0,2004,173.005002,6.9,PG
732,The Nativity Story,Drama,102.0,2006,37.629831,6.6,PG
733,Into the Blue,Adventure,109.0,2005,18.782227,5.7,PG-13
734,The Incredibles,Adventure,121.0,2004,261.441092,8.1,PG
735,The Negotiator,Action,138.0,1998,44.705766,7.2,R
736,The New Guy,Comedy,88.0,2002,28.972187,5.4,PG-13
737,In Good Company,Comedy,109.0,2004,45.489752,6.8,PG-13
738,Notting Hill,Romantic Comedy,123.0,1999,116.089678,6.9,PG-13
739,Little Nicky,Comedy,90.0,2000,39.442871,5.0,PG-13
740,The Ninth Gate,Thriller/Suspense,133.0,2000,18.653746,6.6,R
741,Night at the Museum: Battle of the Smithsonian,Comedy,104.0,2009,177.243721,5.9,PG
742,Nick and Norah's Infinite Playlist,Drama,90.0,2008,31.487293,6.8,PG-13
743,No Reservations,Romantic Comedy,103.0,2007,43.107979,6.3,PG
744,The Notebook,Drama,123.0,2004,81.001787,8.0,PG-13
745,Napoleon Dynamite,Comedy,82.0,2004,44.540956,6.9,PG
746,The Namesake,Drama,122.0,2007,13.610521,7.5,PG-13
747,Intolerable Cruelty,Romantic Comedy,100.0,2003,35.327628,6.4,PG-13
748,The Interpreter,Thriller/Suspense,118.0,2005,72.708161,6.5,PG-13
749,The Number 23,Thriller/Suspense,95.0,2007,35.193167,6.2,R
750,Nurse Betty,Black Comedy,110.0,2000,25.170054,6.4,R
751,Jimmy Neutron: Boy Genius,Adventure,83.0,2001,80.936232,5.9,G
752,Nutty Professor II: The Klumps,Comedy,107.0,2000,123.307945,4.3,PG-13
753,Finding Neverland,Drama,106.0,2004,51.676606,7.9,PG
754,Into the Wild,Drama,147.0,2007,18.354356,8.2,R
755,The Object of my Affection,Romantic Comedy,112.0,1998,29.145924,5.9,R
756,Orange County,Comedy,82.0,2002,41.059716,6.1,PG-13
757,Ocean's Eleven,Comedy,116.0,2001,183.41715,7.6,PG-13
758,Ocean's Twelve,Adventure,125.0,2004,125.531634,6.0,PG-13
759,Ocean's Thirteen,Adventure,122.0,2007,117.144465,6.9,PG-13
760,Any Given Sunday,Drama,162.0,1999,75.530832,6.6,R
761,One Hour Photo,Drama,96.0,2002,31.597131,7.0,R
762,One True Thing,Drama,127.0,1998,23.337196,6.9,R
763,Ong-Bak 2,Action,97.0,2009,0.102458,4.7,R
764,One Night with the King,Drama,124.0,2006,13.395961,6.0,PG
765,Open Season,Adventure,87.0,2006,85.105259,6.0,PG
766,Open Water,Thriller/Suspense,79.0,2004,30.500882,5.9,R
767,Open Range,Western,139.0,2003,58.32868,7.5,R
768,Old School,Comedy,91.0,2003,75.155,7.0,R
769,Outlander,Adventure,115.0,2009,0.166003,6.4,R
770,Out of Sight,Drama,129.0,1998,37.562568,7.1,R
771,Out of Time,Thriller/Suspense,105.0,2003,41.083108,4.9,PG-13
772,The Out-of-Towners,Comedy,92.0,1999,28.54412,4.9,PG-13
773,The Pacifier,Comedy,97.0,2005,113.00688,5.3,PG
774,The Passion of the Christ,Drama,127.0,2004,370.78293,7.1,R
775,Patch Adams,Comedy,110.0,1998,135.041968,6.3,PG-13
776,Payback,Action,110.0,1999,81.526121,5.8,R
777,Paycheck,Thriller/Suspense,119.0,2003,53.789313,6.1,PG-13
778,The Princess Diaries 2: Royal Engagement,Romantic Comedy,115.0,2004,95.149435,5.3,G
779,The Princess Diaries,Comedy,115.0,2001,108.244774,5.9,G
780,The Peacemaker,Action,123.0,1997,41.26314,5.8,R
781,Peter Pan,Adventure,113.0,2003,48.41785,7.1,PG
782,The Phantom of the Opera,Musical,143.0,2004,51.225796,7.2,PG-13
783,Phone Booth,Thriller/Suspense,81.0,2003,46.566212,7.2,R
784,The Pianist,Drama,149.0,2002,32.519322,8.5,R
785,Pirates of the Caribbean: The Curse of the Black Pearl,Adventure,143.0,2003,305.411224,8.0,PG-13
786,Pirates of the Caribbean: Dead Man's Chest,Adventure,151.0,2006,423.315812,7.3,PG-13
787,Pirates of the Caribbean: At World's End,Adventure,167.0,2007,309.420425,7.0,PG-13
788,The Chronicles of Riddick,Adventure,119.0,2004,57.712751,6.4,PG-13
789,Pitch Black,Horror,110.0,2000,39.235088,7.0,R
790,Lake Placid,Thriller/Suspense,82.0,1999,31.770413,5.3,R
791,The Back-up Plan,Romantic Comedy,106.0,2010,37.490007,4.4,PG-13
792,Proof of Life,Action,135.0,2000,32.598931,6.1,R
793,Planet of the Apes,Adventure,120.0,2001,180.01174,5.5,PG-13
794,The Players Club,Drama,104.0,1998,23.047939,4.8,R
795,Paranormal Activity,Horror,85.0,2009,107.91881,6.7,R
796,The Punisher,Action,124.0,2004,33.66437,6.4,R
797,The Polar Express,Adventure,99.0,2004,181.320597,6.7,G
798,Along Came Polly,Romantic Comedy,90.0,2004,88.073507,5.8,PG-13
799,Practical Magic,Comedy,105.0,1998,46.850558,5.5,PG-13
800,The Boat That Rocked,Comedy,134.0,2009,8.017467,7.5,R
801,Primary Colors,Comedy,143.0,1998,39.017984,6.7,R
802,Precious (Based on the Novel Push by Sapphire),Drama,109.0,2009,47.566524,7.5,R
803,Pride and Glory,Drama,129.0,2008,15.740721,6.7,R
804,Predators,Action,109.0,2010,51.92069,6.9,R
805,Perfume: The Story of a Murderer,Drama,147.0,2006,2.223293,7.5,R
806,The Prince & Me,Romantic Comedy,111.0,2004,28.165882,5.6,PG
807,The Pursuit of Happyness,Drama,116.0,2006,162.586036,7.8,PG-13
808,Primer,Drama,80.0,2004,0.42476,6.9,PG-13
809,Pearl Harbor,Action,183.0,2001,198.539855,5.4,PG-13
810,The Prince of Egypt,Adventure,97.0,1998,101.413188,6.8,PG
811,Prom Night,Horror,85.0,2008,43.86935,5.1,PG-13
812,Panic Room,Thriller/Suspense,112.0,2002,95.308367,6.9,R
813,The Proposal,Romantic Comedy,107.0,2009,163.958031,5.4,PG-13
814,The Prestige,Thriller/Suspense,131.0,2006,53.089891,8.4,PG-13
815,The Postman,Action,177.0,1997,17.650704,5.5,R
816,Psycho,Horror,100.0,1998,21.541218,4.5,R
817,The Patriot,Drama,165.0,2000,113.330342,6.9,R
818,Punisher: War Zone,Action,101.0,2008,8.050977,6.1,R
819,Push,Thriller/Suspense,111.0,2009,31.811527,6.0,PG-13
820,The Painted Veil,Drama,125.0,2006,8.060487,7.6,PG-13
821,Pay it Forward,Drama,123.0,2000,33.508922,6.8,PG-13
822,Queen of the Damned,Horror,101.0,2002,30.307804,4.7,R
823,The Queen,Drama,103.0,2006,56.441711,7.6,PG-13
824,Quest for Camelot,Adventure,85.0,1998,22.7725,5.0,G
825,Radio,Drama,109.0,2003,52.333738,6.9,PG
826,The Rainmaker,Drama,135.0,1997,45.916769,6.9,PG-13
827,Random Hearts,Drama,133.0,1999,31.054924,4.8,R
828,Rugrats Go Wild,Adventure,84.0,2003,39.402572,5.0,PG
829,Ratatouille,Comedy,111.0,2007,206.445654,8.1,G
830,Robin Hood,Action,140.0,2010,105.26973,6.9,PG-13
831,Robots,Adventure,89.0,2005,128.200012,6.4,PG
832,Runaway Bride,Romantic Comedy,116.0,1999,152.257509,5.2,PG
833,Racing Stripes,Comedy,110.0,2005,49.772522,5.2,PG
834,Rocky Balboa,Drama,102.0,2006,70.269899,7.4,PG
835,The Road to El Dorado,Adventure,90.0,2000,50.802661,6.4,PG
836,Red Dragon,Thriller/Suspense,125.0,2002,92.95542,7.3,R
837,The Reader,Drama,123.0,2008,34.192652,7.7,R
838,The Reaping,Horror,100.0,2007,25.126214,5.6,R
839,Recess: School's Out,Comedy,83.0,2001,36.696761,6.2,G
840,Redacted,Drama,90.0,2007,0.065388,6.1,R
841,Red-Eye,Thriller/Suspense,85.0,2005,57.891803,6.5,PG-13
842,Reign Over Me,Drama,128.0,2007,19.661987,7.7,R
843,The Relic,Horror,110.0,1997,33.956608,5.4,R
844,Religulous,Documentary,101.0,2008,13.01116,7.8,R
845,The Replacements,Comedy,118.0,2000,44.737059,6.2,PG-13
846,The Replacement Killers,Action,86.0,1998,19.035741,5.9,R
847,Resident Evil: Apocalypse,Horror,94.0,2004,50.740078,5.8,R
848,Resident Evil: Extinction,Action,95.0,2007,50.648679,6.2,R
849,Resident Evil,Horror,100.0,2002,40.119709,6.4,R
850,Return to Me,Romantic Comedy,116.0,2000,32.662299,6.6,PG
851,Reign of Fire,Action,102.0,2002,43.061982,5.9,PG-13
852,Reindeer Games,Action,104.0,2000,23.360779,5.5,R
853,Rachel Getting Married,Drama,111.0,2008,12.796277,6.9,R
854,The Rugrats Movie,Adventure,79.0,1998,100.494685,5.4,G
855,Riding in Cars with Boys,Drama,131.0,2001,29.781453,6.2,PG-13
856,The Ring Two,Horror,111.0,2005,75.941727,5.1,PG-13
857,The Adventures of Rocky & Bullwinkle,Comedy,91.0,2000,26.00061,4.1,PG
858,Reno 911!: Miami,Comedy,81.0,2007,20.342161,5.8,R
859,Rounders,Drama,120.0,1998,22.921898,7.3,R
860,Rendition,Thriller/Suspense,121.0,2007,9.736045,6.9,R
861,The Rocker,Comedy,102.0,2008,6.409528,6.3,PG-13
862,The Rookie,Drama,128.0,2002,75.600072,5.5,G
863,Romeo Must Die,Action,114.0,2000,55.973336,5.9,R
864,Ronin,Action,121.0,1998,41.610884,7.2,R
865,Rat Race,Comedy,112.0,2001,56.607223,6.4,PG-13
866,Rescue Dawn,Action,125.0,2007,5.490423,7.5,PG-13
867,Remember the Titans,Drama,113.0,2000,115.654751,7.5,PG
868,Righteous Kill,Thriller/Suspense,100.0,2008,40.08141,6.0,R
869,Road Trip,Comedy,94.0,2000,68.525609,6.4,R
870,Rules of Engagement,Thriller/Suspense,127.0,2000,61.322858,6.2,R
871,The Rundown,Action,104.0,2003,47.641743,6.6,PG-13
872,Running With Scissors,Comedy,116.0,2006,6.775659,6.0,R
873,Rush Hour 2,Action,90.0,2001,226.164286,6.4,PG-13
874,Rush Hour 3,Action,91.0,2007,140.125968,6.0,PG-13
875,Rush Hour,Action,98.0,1998,141.186864,6.8,PG-13
876,Rushmore,Black Comedy,89.0,1998,17.105219,7.8,R
877,Sahara,Adventure,123.0,2005,68.671925,5.9,PG-13
878,The Saint,Action,116.0,1997,61.363304,5.9,PG-13
879,I Am Sam,Drama,132.0,2001,40.270895,7.4,PG-13
880,Saw,Horror,100.0,2004,55.185045,7.7,R
881,Saw II,Horror,91.0,2005,87.025093,6.8,R
882,Saw III,Horror,107.0,2006,80.238724,6.3,R
883,Saw VI,Horror,91.0,2009,27.693292,6.2,R
884,Seabiscuit,Drama,141.0,2003,120.277854,7.4,PG-13
885,Scary Movie 2,Comedy,82.0,2001,71.27742,4.7,R
886,Scary Movie 3,Comedy,84.0,2003,110.000082,5.4,PG-13
887,Scooby-Doo 2: Monsters Unleashed,Comedy,93.0,2004,84.185387,4.8,PG
888,Scooby-Doo,Comedy,86.0,2002,153.294164,4.7,PG
889,About Schmidt,Drama,125.0,2002,65.005217,7.3,R
890,The School of Rock,Comedy,108.0,2003,81.261177,7.2,PG-13
891,School for Scoundrels,Comedy,101.0,2006,17.807569,6.0,PG-13
892,The Score,Thriller/Suspense,124.0,2001,71.069884,6.8,R
893,Scream,Horror,110.0,1996,103.046663,2.9,R
894,Scream 2,Horror,120.0,1997,101.363301,5.9,R
895,Scream 3,Horror,118.0,2000,89.138076,5.3,R
896,The Scorpion King,Action,91.0,2002,90.58,5.3,PG-13
897,Stardust,Adventure,128.0,2007,38.634938,7.9,PG-13
898,Selena,Drama,127.0,1997,35.450113,6.3,PG
899,September Dawn,Western,110.0,2007,0.901857,5.5,R
900,You Got Served,Drama,95.0,2004,40.066497,2.6,PG-13
901,Seven Years in Tibet,Drama,139.0,1997,37.945884,6.7,PG-13
902,Swordfish,Action,99.0,2001,69.772969,6.3,R
903,Something's Gotta Give,Romantic Comedy,128.0,2003,124.685242,6.8,PG-13
904,Shaft,Action,99.0,2000,70.327868,5.9,R
905,Scary Movie,Comedy,88.0,2000,157.019771,6.0,R
906,She's All That,Romantic Comedy,91.0,1999,63.465522,5.4,PG-13
907,Shallow Hal,Romantic Comedy,113.0,2001,70.836296,6.0,PG-13
908,Shakespeare in Love,Romantic Comedy,122.0,1998,100.317794,7.4,R
909,In the Shadow of the Moon,Documentary,100.0,2007,1.134358,8.0,PG
910,Shooter,Thriller/Suspense,125.0,2007,47.003582,7.2,R
911,Shrek,Adventure,90.0,2001,267.655011,8.0,PG
912,Shrek 2,Adventure,92.0,2004,441.226247,7.5,PG
913,Shrek the Third,Adventure,92.0,2007,322.719944,6.1,PG
914,Shrek Forever After,Adventure,93.0,2010,238.39599,6.7,PG
915,Shark Tale,Adventure,90.0,2004,160.861908,5.9,PG
916,Showtime,Comedy,95.0,2002,37.948765,5.3,PG-13
917,Signs,Thriller/Suspense,106.0,2002,227.96569,6.9,PG-13
918,Simon Birch,Drama,110.0,1998,18.253415,6.7,PG
919,The Simpsons Movie,Comedy,86.0,2007,183.135014,7.6,PG-13
920,Sinbad: Legend of the Seven Seas,Adventure,86.0,2003,26.483452,6.6,PG
921,Sin City,Action,126.0,2005,74.10382,8.3,R
922,The Sixth Sense,Thriller/Suspense,107.0,1999,293.506292,8.2,PG-13
923,The Skulls,Thriller/Suspense,107.0,2000,35.00718,5.3,PG-13
924,Sky High,Adventure,102.0,2005,63.939454,6.6,PG
925,Sleepy Hollow,Horror,105.0,1999,101.06834,7.5,R
926,The Secret Life of Bees,Drama,110.0,2008,37.76635,7.0,PG-13
927,Hannibal,Horror,131.0,2001,165.092266,6.4,R
928,Slow Burn,Thriller/Suspense,93.0,2007,1.237615,5.9,R
929,Slumdog Millionaire,Drama,116.0,2008,141.319928,8.3,R
930,Small Soldiers,Comedy,110.0,1998,55.143823,5.9,PG-13
931,Mr. And Mrs. Smith,Action,112.0,2005,186.336279,4.7,PG-13
932,Smokin' Aces,Comedy,108.0,2007,35.662731,6.6,R
933,Someone Like You,Romantic Comedy,97.0,2001,27.338033,5.8,PG-13
934,There's Something About Mary,Romantic Comedy,119.0,1998,176.484651,7.2,R
935,Snake Eyes,Thriller/Suspense,99.0,1998,55.591409,5.8,R
936,Snakes on a Plane,Thriller/Suspense,105.0,2006,34.020814,6.0,R
937,Lemony Snicket's A Series of Unfortunate Events,Comedy,108.0,2004,118.627117,6.9,PG
938,Shanghai Knights,Adventure,114.0,2003,60.47022,6.2,PG-13
939,Shanghai Noon,Western,110.0,2000,56.932305,6.6,PG-13
940,Snow Dogs,Comedy,99.0,2002,81.150692,4.9,PG
941,Sunshine,Thriller/Suspense,108.0,2007,3.68856,7.3,R
942,Snatch,Black Comedy,103.0,2000,30.093107,8.2,R
943,Snow Day,Comedy,89.0,2000,60.008303,4.4,PG
944,The Soloist,Drama,117.0,2009,31.720158,6.7,PG-13
945,The Sorcerer's Apprentice,Adventure,110.0,2010,62.492818,6.4,PG
946,Soul Food,Comedy,114.0,1997,43.492389,6.4,R
947,Space Jam,Comedy,87.0,1996,90.463534,5.6,PG
948,Spanglish,Comedy,103.0,2004,42.044321,6.7,PG-13
949,Spawn,Action,97.0,1997,54.979992,4.8,PG-13
950,Superbad,Comedy,112.0,2007,121.463226,7.8,R
951,Space Cowboys,Adventure,130.0,2000,90.454043,6.3,PG-13
952,Speed II: Cruise Control,Action,125.0,1997,48.097081,3.4,PG-13
953,Sphere,Horror,132.0,1998,37.068294,5.6,PG-13
954,Spiceworld,Comedy,92.0,1998,29.342592,2.9,PG
955,Spider-Man 2,Adventure,127.0,2004,373.524485,7.7,PG-13
956,Spider-Man 3,Adventure,139.0,2007,336.530303,6.4,PG-13
957,Spider-Man,Adventure,121.0,2002,403.706375,7.4,PG-13
958,Scott Pilgrim vs. The World,Comedy,112.0,2010,31.167395,8.1,PG-13
959,See Spot Run,Comedy,97.0,2001,33.357476,4.9,PG
960,Superman Returns,Adventure,157.0,2006,200.12,6.6,PG-13
961,Spy Game,Action,126.0,2001,62.36256,6.9,R
962,Spy Kids 3-D: Game Over,Adventure,84.0,2003,111.760631,4.1,PG
963,Spy Kids,Adventure,88.0,2001,112.692062,5.7,PG
964,Serendipity,Romantic Comedy,91.0,2001,50.25531,6.6,PG-13
965,Superstar,Comedy,82.0,1999,30.628981,6.0,PG-13
966,Spirit: Stallion of the Cimarron,Adventure,84.0,2002,73.21531,6.6,G
967,Starship Troopers,Action,129.0,1997,54.768952,7.1,R
968,Stay Alive,Horror,91.0,2006,23.08648,4.5,PG-13
969,How Stella Got Her Groove Back,Drama,124.0,1998,37.672944,5.1,R
970,The Stepford Wives,Comedy,93.0,2004,59.475623,5.1,PG-13
971,Stepmom,Drama,127.0,1998,91.137662,6.2,PG-13
972,Stomp the Yard,Drama,113.0,2007,61.356221,4.3,PG-13
973,Stranger Than Fiction,Comedy,112.0,2006,40.43519,7.8,PG-13
974,Stick It,Comedy,103.0,2006,26.910736,5.9,PG-13
975,Stigmata,Horror,103.0,1999,50.041732,6.0,R
976,A Stir of Echoes,Thriller/Suspense,110.0,1999,21.133087,7.1,R
977,Stuart Little,Comedy,92.0,1999,140.015224,5.8,PG
978,Stuart Little 2,Comedy,78.0,2002,64.956806,5.6,PG
979,The Perfect Storm,Drama,130.0,2000,182.618434,6.2,PG-13
980,The Story of Us,Romantic Comedy,74.0,1999,27.10003,5.6,R
981,State of Play,Thriller/Suspense,127.0,2009,37.017955,7.3,PG-13
982,The Sisterhood of the Traveling Pants 2,Adventure,111.0,2008,44.089964,6.2,PG-13
983,Step Up,Drama,98.0,2006,65.328121,6.1,PG-13
984,Star Trek: First Contact,Adventure,111.0,1996,92.027888,7.6,PG-13
985,Star Trek: Insurrection,Adventure,100.0,1998,70.187658,6.4,PG
986,Star Trek: Nemesis,Adventure,117.0,2002,43.254409,6.4,PG-13
987,The Strangers,Thriller/Suspense,85.0,2008,52.59761,6.0,R
988,Stuck On You,Comedy,118.0,2003,33.832741,5.9,PG-13
989,The Sum of All Fears,Action,124.0,2002,118.47132,6.3,PG-13
990,Surf's Up,Adventure,86.0,2007,58.867694,7.0,PG
991,Surrogates,Action,104.0,2009,38.577772,6.3,PG-13
992,Summer of Sam,Drama,142.0,1999,19.28813,6.5,R
993,Saving Private Ryan,Drama,169.0,1998,216.335085,8.5,R
994,S.W.A.T.,Action,117.0,2003,116.877597,5.9,PG-13
995,Sideways,Drama,125.0,2004,71.502303,7.8,R
996,Shall We Dance?,Romantic Comedy,106.0,2004,57.887882,7.6,PG-13
997,Secret Window,Thriller/Suspense,96.0,2004,47.958031,6.5,PG-13
998,Swimfan,Drama,86.0,2002,28.563926,4.6,PG-13
999,Sweet November,Drama,120.0,2001,25.288103,6.0,PG-13
1000,Sydney White,Comedy,107.0,2007,11.892415,6.2,PG-13
1001,Star Wars: The Clone Wars,Adventure,98.0,2008,35.161554,5.4,PG
1002,"Six Days, Seven Nights",Romantic Comedy,101.0,1998,74.339294,4.7,PG-13
1003,Syriana,Thriller/Suspense,126.0,2005,50.82462,7.1,R
1004,The Talented Mr. Ripley,Drama,139.0,1999,81.292135,7.2,R
1005,The Best Man,Romantic Comedy,120.0,1999,34.10278,6.1,R
1006,Book of Shadows: Blair Witch 2,Horror,90.0,2000,26.421314,4.0,R
1007,This Christmas,Drama,118.0,2007,49.121934,5.4,PG-13
1008,The Core,Action,133.0,2003,31.11126,5.3,PG-13
1009,The Thomas Crown Affair,Drama,111.0,1999,69.304264,6.7,R
1010,The Damned United,Drama,97.0,2009,0.449865,7.5,R
1011,The Tale of Despereaux,Adventure,93.0,2008,50.877145,6.1,G
1012,Team America: World Police,Comedy,98.0,2004,32.774834,7.3,R
1013,Tea with Mussolini,Drama,116.0,1999,14.395874,6.7,PG
1014,Tears of the Sun,Action,121.0,2003,43.632458,6.4,R
1015,Not Another Teen Movie,Comedy,89.0,2001,37.882551,5.5,R
1016,Bridge to Terabithia,Drama,95.0,2007,82.234139,7.4,PG
1017,Terminator 3: Rise of the Machines,Action,109.0,2003,150.358296,6.6,R
1018,Transformers,Action,140.0,2007,319.246193,7.3,PG-13
1019,Transformers: Revenge of the Fallen,Action,149.0,2009,402.11187,6.0,PG-13
1020,The Beach,Drama,119.0,2000,39.778599,4.5,R
1021,The Wild Thornberrys,Adventure,85.0,2002,40.108697,6.7,PG
1022,The Fog,Horror,101.0,2005,29.511112,3.3,PG-13
1023,The Thin Red Line,Drama,166.0,1998,36.400491,7.5,R
1024,Thirteen Days,Drama,145.0,2000,34.566746,7.3,PG-13
1025,The Kid,Comedy,104.0,2000,69.688384,5.9,PG
1026,House on Haunted Hill,Horror,96.0,1999,40.846082,5.2,R
1027,The One,Action,87.0,2001,43.905746,5.6,PG-13
1028,The 13th Warrior,Action,103.0,1999,32.698899,6.3,R
1029,The Tuxedo,Action,99.0,2002,50.586,5.0,PG-13
1030,The Tigger Movie,Adventure,77.0,2000,4.554533,6.0,G
1031,Titan A.E.,Adventure,95.0,2000,22.751979,6.4,PG
1032,Titanic,Thriller/Suspense,194.0,1997,600.788188,7.4,PG-13
1033,The League of Extraordinary Gentlemen,Adventure,110.0,2003,66.465204,5.5,PG-13
1034,The Time Machine,Adventure,96.0,2002,56.684819,5.6,PG-13
1035,The Mist,Horror,127.0,2007,25.593755,7.4,R
1036,TMNT,Action,88.0,2007,54.149098,6.6,PG
1037,Tomorrow Never Dies,Action,119.0,1997,125.304276,6.4,PG-13
1038,The Royal Tenenbaums,Black Comedy,110.0,2001,52.353636,7.6,R
1039,Lara Croft: Tomb Raider: The Cradle of Life,Adventure,117.0,2003,65.653758,5.2,PG-13
1040,Lara Croft: Tomb Raider,Adventure,101.0,2001,131.144183,5.4,PG-13
1041,The Day After Tomorrow,Adventure,124.0,2004,186.740799,6.3,PG-13
1042,The Others,Horror,104.0,2001,96.522687,7.8,PG-13
1043,The Town,Drama,123.0,2010,30.980607,8.7,R
1044,Toy Story 2,Adventure,92.0,1999,245.852179,8.0,G
1045,Toy Story 3,Adventure,102.0,2010,410.640665,8.9,G
1046,The Taking of Pelham 123,Action,106.0,2009,65.452312,6.5,R
1047,Treasure Planet,Adventure,96.0,2002,38.120554,6.6,PG
1048,Traffic,Drama,147.0,2000,124.107476,7.8,R
1049,Training Day,Drama,122.0,2001,76.261036,7.6,R
1050,Traitor,Thriller/Suspense,113.0,2008,23.530831,7.1,PG-13
1051,The Ring,Horror,115.0,2002,129.094024,5.5,PG-13
1052,The Terminal,Drama,128.0,2004,77.073959,7.1,PG-13
1053,The Transporter,Action,92.0,2002,25.296447,6.6,PG-13
1054,Tropic Thunder,Comedy,106.0,2008,110.461307,7.2,R
1055,Troy,Action,163.0,2004,133.298577,7.0,R
1056,xXx,Action,124.0,2002,141.93,5.5,PG-13
1057,The Truman Show,Drama,102.0,1998,125.618201,8.0,PG
1058,Tarzan,Adventure,88.0,1999,171.091819,6.9,G
1059,Turistas,Thriller/Suspense,89.0,2006,7.027762,6.9,R
1060,Twisted,Thriller/Suspense,97.0,2004,25.19505,4.8,R
1061,Twilight,Drama,120.0,2008,192.769854,6.1,PG-13
1062,The Texas Chainsaw Massacre: The Beginning,Horror,90.0,2006,39.517763,5.8,R
1063,The Texas Chainsaw Massacre,Horror,98.0,2003,80.571655,6.1,R
1064,Tom yum goong,Action,82.0,2006,12.044087,6.9,R
1065,U2 3D,Concert/Performance,85.0,2008,10.363341,8.3,G
1066,U-571,Action,116.0,2000,77.08603,6.4,PG-13
1067,Undercover Brother,Comedy,86.0,2002,38.230435,5.7,PG-13
1068,Dodgeball: A True Underdog Story,Comedy,92.0,2004,114.326736,6.6,PG-13
1069,Unaccompanied Minors,Comedy,87.0,2006,16.655224,3.7,PG
1070,Unbreakable,Thriller/Suspense,107.0,2000,94.999143,7.3,PG-13
1071,Underworld,Action,121.0,2003,51.97069,6.7,R
1072,Unfaithful,Drama,123.0,2002,52.752475,6.6,R
1073,Up,Adventure,96.0,2009,293.004164,8.4,PG
1074,Urban Legend,Horror,100.0,1998,38.116707,5.2,R
1075,Urban Legends: Final Cut,Horror,98.0,2000,21.468807,3.7,R
1076,Valkyrie,Thriller/Suspense,120.0,2008,83.07747,7.3,PG-13
1077,Valentine,Horror,96.0,2001,20.384136,4.3,R
1078,The Legend of Bagger Vance,Drama,126.0,2000,30.695227,6.4,PG-13
1079,In the Valley of Elah,Drama,120.0,2007,6.777741,7.4,R
1080,Van Helsing,Action,132.0,2004,120.150546,5.5,PG-13
1081,The Village,Thriller/Suspense,108.0,2004,114.19752,6.6,PG-13
1082,Vertical Limit,Action,124.0,2000,68.47336,5.6,PG-13
1083,Vampires,Horror,108.0,1998,20.268825,6.8,R
1084,Vanilla Sky,Thriller/Suspense,136.0,2001,100.614858,6.9,R
1085,The Flintstones in Viva Rock Vegas,Comedy,90.0,2000,35.231365,3.3,PG
1086,Varsity Blues,Drama,104.0,1999,52.894169,6.0,R
1087,Wag the Dog,Drama,120.0,1997,43.05747,7.0,R
1088,WALL-E,Comedy,97.0,2008,223.808164,8.5,G
1089,War,Action,99.0,2007,22.466994,6.2,R
1090,The War of the Worlds,Action,116.0,2005,234.280354,7.2,PG-13
1091,Winter's Bone,Drama,100.0,2010,5.951693,8.2,R
1092,Wonder Boys,Comedy,111.0,2000,19.389454,7.5,R
1093,White Chicks,Comedy,109.0,2004,69.148997,5.0,PG-13
1094,The Wedding Planner,Romantic Comedy,103.0,2001,60.400856,4.8,PG-13
1095,Taking Woodstock,Drama,120.0,2009,7.460204,6.8,R
1096,We Own the Night,Drama,117.0,2007,28.563179,7.0,R
1097,We Were Soldiers,Drama,138.0,2002,78.120196,6.9,R
1098,What a Girl Wants,Comedy,105.0,2003,35.990505,5.7,PG
1099,Where the Heart Is,Drama,120.0,2000,33.771174,6.4,PG-13
1100,Welcome Home Roscoe Jenkins,Comedy,114.0,2008,42.436517,4.5,PG-13
1101,What Dreams May Come,Drama,113.0,1998,55.485043,6.6,PG-13
1102,The White Countess,Drama,135.0,2005,1.669971,6.5,PG-13
1103,Where the Wild Things Are,Adventure,100.0,2009,77.233467,7.2,PG
1104,Wild Things,Thriller/Suspense,108.0,1998,29.795299,6.6,R
1105,Windtalkers,Action,134.0,2002,40.914068,5.8,R
1106,What Lies Beneath,Thriller/Suspense,130.0,2000,155.464351,6.5,PG-13
1107,Walk the Line,Drama,80.0,2005,119.519402,7.9,PG-13
1108,A Walk to Remember,Drama,102.0,2002,41.227069,7.1,PG
1109,Wild Wild West,Adventure,107.0,1999,113.805681,4.3,PG-13
1110,Wanted,Action,110.0,2008,134.508551,6.4,R
1111,The Women,Comedy,114.0,2008,26.902075,7.9,PG-13
1112,The Wood,Comedy,106.0,1999,25.05964,6.1,R
1113,Without a Paddle,Comedy,95.0,2004,58.156435,5.7,PG-13
1114,What's the Worst That Could Happen?,Comedy,98.0,2001,32.267774,5.0,PG-13
1115,The Wrestler,Drama,109.0,2008,26.236603,8.2,R
1116,Walking Tall,Action,87.0,2004,46.213824,6.0,PG-13
1117,The Watcher,Thriller/Suspense,97.0,2000,28.946615,3.7,R
1118,Sky Captain and the World of Tomorrow,Adventure,106.0,2004,37.76008,6.3,PG
1119,The Waterboy,Comedy,86.0,1998,161.491646,5.7,PG-13
1120,What Women Want,Romantic Comedy,127.0,2000,182.805123,6.3,PG-13
1121,The X-Files: I Want to Believe,Action,104.0,2008,20.982478,5.9,PG-13
1122,X-Men,Action,104.0,2000,157.299717,7.4,PG-13
1123,X2,Action,133.0,2003,214.949694,7.8,PG-13
1124,Year One,Comedy,97.0,2009,43.337279,5.0,PG-13
1125,Yes Man,Comedy,104.0,2008,97.690976,7.0,PG-13
1126,You Kill Me,Black Comedy,92.0,2007,2.426851,6.7,R
1127,"Yours, Mine and Ours",Comedy,90.0,2005,53.359917,7.6,PG
1128,You've Got Mail,Drama,119.0,1998,115.821495,6.2,PG
1129,Zoolander,Comedy,89.0,2001,45.17225,6.4,PG-13
1130,Zombieland,Comedy,87.0,2009,75.590286,7.8,R
1131,Zack and Miri Make a Porno,Comedy,101.0,2008,31.452765,7.0,R
1132,The Legend of Zorro,Adventure,129.0,2005,45.575336,5.7,PG
1133,The Mask of Zorro,Adventure,136.0,1998,93.828745,6.7,PG-13
